,song,mean_mfccs,mean_chroma_stft,tempo,pulse,flatness,contrast,zero_crossing,genre
0,classical.00000.wav,-6.90534782409668,0.2523919343948364,95.703125,0.22701027989387512,0.000903703214135021,23.383998947052593,65095,classical
1,classical.00001.wav,-9.945525169372559,0.21499502658843994,117.45383522727273,0.2223614603281021,0.0003241607337258756,25.198185164468306,58180,classical
2,classical.00002.wav,-5.381451606750488,0.27795809507369995,99.38401442307692,0.23425734043121338,0.0010938056511804461,22.8997258340808,59684,classical
3,classical.00003.wav,-8.242496490478516,0.23422931134700775,135.99917763157896,0.18878363072872162,0.00045314032468013465,25.67416045075797,72206,classical
4,classical.00004.wav,-9.778281211853027,0.22157375514507294,107.666015625,0.21580854058265686,0.0007399715250357985,25.025198257066194,74800,classical
5,classical.00005.wav,-6.6967010498046875,0.2685302495956421,143.5546875,0.24689023196697235,0.0011707115918397903,22.310783408465287,49844,classical
6,classical.00006.wav,-7.0914082527160645,0.26147446036338806,103.359375,0.1733512431383133,0.0006068051443435252,24.398242482550693,48312,classical
7,classical.00007.wav,-6.871464252471924,0.27653801441192627,107.666015625,0.20410040020942688,0.0007991205202415586,22.874395727897944,48461,classical
8,classical.00008.wav,-8.177910804748535,0.2547534108161926,135.99917763157896,0.18273332715034485,0.0011019649682566524,23.719781547246452,52212,classical
9,classical.00009.wav,-9.48608112335205,0.2705242931842804,129.19921875,0.13708342611789703,0.0005397310014814138,24.077924313664447,37271,classical
10,classical.00010.wav,-9.214701652526855,0.24495530128479004,103.359375,0.204177588224411,0.000990270753391087,22.752997888436415,57150,classical
11,classical.00011.wav,-10.2828369140625,0.2430950403213501,151.99908088235293,0.18206559121608734,0.0002420502423774451,23.259218142852625,40290,classical
12,classical.00012.wav,-9.847874641418457,0.23561576008796692,123.046875,0.1357862502336502,0.0003737208025995642,24.168179222191853,43735,classical
13,classical.00013.wav,-10.248037338256836,0.23217624425888062,129.19921875,0.18249905109405518,0.0006339650717563927,23.552386931572673,53598,classical
14,classical.00014.wav,-10.435578346252441,0.23403248190879822,143.5546875,0.148175910115242,0.0006167353130877018,22.895767267259476,45365,classical
15,classical.00015.wav,-12.507325172424316,0.2166498750448227,123.046875,0.15690356492996216,0.000574585807044059,24.17447596369308,50178,classical
16,classical.00016.wav,-14.67566967010498,0.21927979588508606,99.38401442307692,0.19030645489692688,0.0005235151038505137,22.013526917854946,31586,classical
17,classical.00017.wav,-10.307175636291504,0.25637760758399963,117.45383522727273,0.18091414868831635,0.0008824996184557676,22.38122396404128,53724,classical
18,classical.00018.wav,-10.763933181762695,0.23900416493415833,129.19921875,0.14611637592315674,0.00038646315806545317,23.56698492737692,46838,classical
19,classical.00019.wav,-13.505072593688965,0.2839931845664978,123.046875,0.1158050075173378,0.0006571114063262939,22.01498932874151,38212,classical
20,classical.00020.wav,-8.625846862792969,0.2690434157848358,143.5546875,0.1696639060974121,0.0005195181001909077,22.98744969988875,46255,classical
21,classical.00021.wav,-9.229633331298828,0.26676028966903687,135.99917763157896,0.17102840542793274,0.0010875584557652473,22.038163711527275,52713,classical
22,classical.00022.wav,-7.79995584487915,0.2762569785118103,107.666015625,0.156387597322464,0.0006703785620629787,22.397610709037057,45364,classical
23,classical.00023.wav,-9.477049827575684,0.2672240436077118,117.45383522727273,0.13109499216079712,0.0002989170025102794,23.270537118494133,29307,classical
24,classical.00024.wav,-6.41257381439209,0.2532781958580017,151.99908088235293,0.20328634977340698,0.0005662926123477519,23.35974261613043,47470,classical
25,classical.00025.wav,-5.581286907196045,0.29742562770843506,129.19921875,0.23876892030239105,0.0005930219776928425,21.753259606850346,45268,classical
26,classical.00026.wav,-11.094297409057617,0.24572759866714478,151.99908088235293,0.16166792809963226,0.0005482842680066824,23.565452785671386,54172,classical
27,classical.00027.wav,-9.795736312866211,0.240692600607872,129.19921875,0.17361927032470703,0.00018993539561051875,23.43794435597938,35408,classical
28,classical.00028.wav,-6.849247932434082,0.2629137337207794,151.99908088235293,0.19286289811134338,0.0005655732238665223,23.12088537945778,53753,classical
29,classical.00029.wav,-9.15117359161377,0.2468695342540741,135.99917763157896,0.22218085825443268,0.0011340031633153558,23.08483357339712,61095,classical
30,classical.00030.wav,-13.270464897155762,0.27837029099464417,117.45383522727273,0.2035403549671173,0.0005790176801383495,22.03152916283508,42233,classical
31,classical.00031.wav,-11.26547908782959,0.30326560139656067,112.34714673913044,0.18815994262695312,0.00027549228980205953,19.386713211511132,26134,classical
32,classical.00032.wav,-18.597164154052734,0.28318271040916443,123.046875,0.19866301119327545,0.00027016978128813207,21.40953756756831,24241,classical
33,classical.00033.wav,-15.73879623413086,0.30406466126441956,123.046875,0.1236998662352562,0.0006079697632230818,21.823466610623058,36052,classical
34,classical.00034.wav,-10.17237663269043,0.2739790380001068,123.046875,0.22209613025188446,0.00043035406270064414,24.766313188445437,48729,classical
35,classical.00035.wav,-9.356499671936035,0.3191639184951782,151.99908088235293,0.1260804533958435,0.0004904855159111321,20.720494529253454,40502,classical
36,classical.00036.wav,-16.661720275878906,0.23927684128284454,123.046875,0.10723356157541275,0.0008731489651836455,22.203097861481233,39405,classical
37,classical.00037.wav,-11.052116394042969,0.284150093793869,151.99908088235293,0.17207594215869904,0.0008456633077003062,23.06480483938714,62232,classical
38,classical.00038.wav,-10.752452850341797,0.2944185435771942,112.34714673913044,0.12017569690942764,0.0005564010934904218,22.754632656257222,50274,classical
39,classical.00039.wav,-13.543139457702637,0.2708035409450531,129.19921875,0.12149052321910858,0.0012251012958586216,22.234251021564603,72219,classical
40,classical.00040.wav,-12.016725540161133,0.25059983134269714,117.45383522727273,0.14813512563705444,0.000701378972735256,23.51621548959719,48123,classical
41,classical.00041.wav,-13.50548267364502,0.26824069023132324,123.046875,0.15656062960624695,0.0006196633912622929,23.5983222463967,52241,classical
42,classical.00042.wav,-5.615073204040527,0.26183080673217773,99.38401442307692,0.19402210414409637,0.0008959289989434183,21.23455856463467,62944,classical
43,classical.00043.wav,-8.851479530334473,0.19101737439632416,123.046875,0.1023474633693695,0.0012848981423303485,20.71045556974145,33798,classical
44,classical.00044.wav,-15.378946304321289,0.2522919178009033,129.19921875,0.16556744277477264,0.0006091709365136921,23.751332707987395,47534,classical
45,classical.00045.wav,-5.252365589141846,0.23614871501922607,184.5703125,0.16890430450439453,0.0009695308981463313,20.89579842398354,41487,classical
46,classical.00046.wav,-1.2643545866012573,0.34680336713790894,129.19921875,0.11466516554355621,0.01045997254550457,18.900866383516885,73934,classical
47,classical.00047.wav,-16.369091033935547,0.258511483669281,123.046875,0.15068449079990387,0.0009718280634842813,21.594720881691224,43977,classical
48,classical.00048.wav,-1.0919972658157349,0.29637429118156433,143.5546875,0.16346657276153564,0.010478845797479153,20.36848254582196,57935,classical
49,classical.00049.wav,-2.1578471660614014,0.311586856842041,143.5546875,0.1855863779783249,0.038996461778879166,17.734197542024575,72480,classical
50,classical.00050.wav,-13.686861038208008,0.28609251976013184,123.046875,0.11957619339227676,0.0014470121823251247,19.453487417599955,32804,classical
51,classical.00051.wav,-2.070000171661377,0.38139426708221436,135.99917763157896,0.12336461991071701,0.008238108828663826,16.870931706474025,39810,classical
52,classical.00052.wav,-6.1816487312316895,0.38781213760375977,161.4990234375,0.1972290426492691,0.02709284983575344,18.197406175118697,84101,classical
53,classical.00053.wav,-0.04968823865056038,0.3041040301322937,107.666015625,0.19269989430904388,0.002799343317747116,20.43382103402781,58814,classical
54,classical.00054.wav,0.16561201214790344,0.3195151686668396,129.19921875,0.22586782276630402,0.006342096254229546,21.67647625173714,77471,classical
55,classical.00055.wav,-19.039772033691406,0.18659408390522003,123.046875,0.17650894820690155,0.0006993396091274917,22.243673029179202,39329,classical
56,classical.00056.wav,0.16802728176116943,0.3130445182323456,112.34714673913044,0.20106065273284912,0.005331005435436964,21.083672946461956,64243,classical
57,classical.00057.wav,-14.825271606445312,0.2538405656814575,107.666015625,0.1729883849620819,0.009630706161260605,20.52899204242756,63101,classical
58,classical.00058.wav,-9.757869720458984,0.2656058073043823,129.19921875,0.16029392182826996,0.0005293475114740431,23.960347131499997,54245,classical
59,classical.00059.wav,-7.491367816925049,0.28264129161834717,117.45383522727273,0.23132041096687317,0.003565687919035554,21.811959222381965,61801,classical
60,classical.00060.wav,-6.786131381988525,0.30533167719841003,123.046875,0.21675726771354675,0.00938101951032877,20.997647908525657,68955,classical
61,classical.00061.wav,-9.201475143432617,0.281773179769516,151.99908088235293,0.2357357293367386,0.003229467896744609,22.720472467011334,50422,classical
62,classical.00062.wav,-10.332703590393066,0.3201695382595062,92.28515625,0.11053058505058289,0.010105480439960957,20.70439850605553,49054,classical
63,classical.00063.wav,-13.660191535949707,0.22687284648418427,99.38401442307692,0.20172131061553955,0.00021545357594732195,19.794813622882245,23886,classical
64,classical.00064.wav,-15.077903747558594,0.19900844991207123,117.45383522727273,0.13957971334457397,0.0011185772018507123,19.71705908769719,28025,classical
65,classical.00065.wav,-15.185612678527832,0.20718026161193848,123.046875,0.2220684140920639,0.00025156853371299803,19.798949187883707,31487,classical
66,classical.00066.wav,-14.278559684753418,0.18706385791301727,135.99917763157896,0.1483292132616043,0.00023645600595045835,20.75603754610933,29835,classical
67,classical.00067.wav,-13.336792945861816,0.26736128330230713,143.5546875,0.11553425341844559,0.002855278318747878,19.39582047608411,30735,classical
68,classical.00068.wav,-7.008221626281738,0.2572900950908661,161.4990234375,0.23379650712013245,0.0022064517252147198,22.17665151998773,63064,classical
69,classical.00069.wav,-7.5322113037109375,0.23663614690303802,117.45383522727273,0.1379549354314804,0.000995851936750114,22.76080170981696,52523,classical
70,classical.00070.wav,-9.300158500671387,0.24418820440769196,151.99908088235293,0.2176271677017212,0.001809046952985227,21.29812672364366,46935,classical
71,classical.00071.wav,-7.620702266693115,0.20807969570159912,143.5546875,0.23758329451084137,0.0016092564910650253,21.084609526525117,50284,classical
72,classical.00072.wav,-8.872370719909668,0.2793487310409546,117.45383522727273,0.16148577630519867,0.0017351321876049042,21.002617772430465,42240,classical
73,classical.00073.wav,-9.015141487121582,0.21631920337677002,129.19921875,0.22838826477527618,0.0010764446342363954,21.52045758791047,47032,classical
74,classical.00074.wav,-8.496045112609863,0.2374051958322525,161.4990234375,0.1842857152223587,0.0023181764408946037,20.447195783681764,47828,classical
75,classical.00075.wav,-11.042813301086426,0.21736131608486176,117.45383522727273,0.14053253829479218,0.0006703368853777647,22.69692579205712,40333,classical
76,classical.00076.wav,-5.7619194984436035,0.2603875696659088,117.45383522727273,0.19488802552223206,0.0018888331251218915,20.402546116894293,47556,classical
77,classical.00077.wav,-20.072603225708008,0.219036266207695,161.4990234375,0.15737996995449066,0.00027847031014971435,20.800456247953722,32031,classical
78,classical.00078.wav,-21.567974090576172,0.22515007853507996,135.99917763157896,0.1479426622390747,0.00041206725290976465,19.82837426520951,27357,classical
79,classical.00079.wav,-18.535419464111328,0.21763047575950623,107.666015625,0.1539134532213211,0.00014402122178580612,20.266921363035802,34516,classical
80,classical.00080.wav,-14.455347061157227,0.4379059374332428,123.046875,0.1501576453447342,0.0013397318543866277,16.92386418773786,20897,classical
81,classical.00081.wav,-12.792130470275879,0.26682689785957336,143.5546875,0.1435670107603073,0.0013905788073316216,20.73267756918776,40158,classical
82,classical.00082.wav,-14.598407745361328,0.28272756934165955,112.34714673913044,0.1470629870891571,0.0012604629155248404,22.6269918946821,57906,classical
83,classical.00083.wav,-12.857023239135742,0.2448527216911316,123.046875,0.1679048091173172,0.0001467127731302753,22.262106631306352,33649,classical
84,classical.00084.wav,-15.604060173034668,0.2457934021949768,112.34714673913044,0.10554106533527374,0.00045606965431943536,21.259289085400326,38407,classical
85,classical.00085.wav,-10.469818115234375,0.30977895855903625,107.666015625,0.22377730906009674,0.006206911988556385,19.06775070886284,60706,classical
86,classical.00086.wav,-10.223124504089355,0.3120684325695038,99.38401442307692,0.27344903349876404,0.0038120015524327755,19.506418548146495,50912,classical
87,classical.00087.wav,-14.461724281311035,0.27435818314552307,123.046875,0.1498439759016037,0.0003511231916490942,21.153232660770335,33834,classical
88,classical.00088.wav,-11.091349601745605,0.2943689823150635,107.666015625,0.23376889526844025,0.0023949346505105495,19.46855008476546,46786,classical
89,classical.00089.wav,-7.352159023284912,0.2172875553369522,99.38401442307692,0.22824686765670776,0.001523414975963533,24.39865256963047,110441,classical
90,classical.00090.wav,-9.139971733093262,0.21590137481689453,117.45383522727273,0.23455338180065155,0.0013296693796291947,25.984236633512587,100712,classical
91,classical.00091.wav,-5.790729999542236,0.225918710231781,143.5546875,0.19237634539604187,0.001766388537362218,25.782783950280837,100998,classical
92,classical.00092.wav,-6.809309959411621,0.18113739788532257,129.19921875,0.212026908993721,0.0003574010042939335,25.33143534284467,86809,classical
93,classical.00093.wav,-7.337869167327881,0.22692805528640747,135.99917763157896,0.19837667047977448,0.0008010785677470267,23.79756074071578,71752,classical
94,classical.00094.wav,-8.851850509643555,0.36887744069099426,123.046875,0.1368952989578247,0.0012329831952229142,21.66346307330379,46467,classical
95,classical.00095.wav,-11.696390151977539,0.22769299149513245,117.45383522727273,0.21283888816833496,0.0009386263554915786,24.10691766946303,82418,classical
96,classical.00096.wav,-4.343173503875732,0.2930520176887512,135.99917763157896,0.19442886114120483,0.0024677535984665155,22.353361677302033,77944,classical
97,classical.00097.wav,-8.555451393127441,0.2222650796175003,103.359375,0.24078519642353058,0.0008563340525142848,23.314308852015145,56945,classical
98,classical.00098.wav,-7.809976100921631,0.28991934657096863,95.703125,0.25926628708839417,0.0022070773411542177,23.258646217058534,81768,classical
99,classical.00099.wav,-7.7330241203308105,0.33390843868255615,117.45383522727273,0.2136126309633255,0.0013229139149188995,22.92048875048874,53487,classical
100,disco.00000.wav,0.6004492044448853,0.4454765021800995,117.45383522727273,0.2816726267337799,0.03386307507753372,17.226322339898324,64206,disco
101,disco.00001.wav,3.9820897579193115,0.4106862246990204,117.45383522727273,0.25419098138809204,0.0810646340250969,17.77389815050932,125793,disco
102,disco.00002.wav,1.8085854053497314,0.41207897663116455,112.34714673913044,0.22285887598991394,0.06651104241609573,18.995059918309025,101640,disco
103,disco.00003.wav,6.42686653137207,0.49503716826438904,129.19921875,0.24080710113048553,0.05720909312367439,17.30702260811331,100022,disco
104,disco.00004.wav,-0.11565615236759186,0.3821069002151489,123.046875,0.2710631787776947,0.06944665312767029,18.524406197972038,112005,disco
105,disco.00005.wav,4.891525745391846,0.448049932718277,107.666015625,0.23809407651424408,0.04601041227579117,18.073479055952753,96725,disco
106,disco.00006.wav,3.3252015113830566,0.4739753305912018,123.046875,0.21445618569850922,0.05152563750743866,17.983525515897394,108450,disco
107,disco.00007.wav,2.8675267696380615,0.43158039450645447,129.19921875,0.30181095004081726,0.06399733573198318,18.792413654015494,92984,disco
108,disco.00008.wav,3.181638479232788,0.4542774260044098,123.046875,0.22983941435813904,0.049712952226400375,17.83904409169171,109408,disco
109,disco.00009.wav,-0.8757284283638,0.442017525434494,129.19921875,0.26147228479385376,0.07762621343135834,18.993527454751245,113119,disco
110,disco.00010.wav,6.239919662475586,0.4376908838748932,107.666015625,0.22345900535583496,0.05672214552760124,16.888098313957038,99591,disco
111,disco.00011.wav,1.631268858909607,0.37345176935195923,95.703125,0.2614191770553589,0.05567728728055954,19.41168212562476,86790,disco
112,disco.00012.wav,4.640326976776123,0.4283207356929779,112.34714673913044,0.2839861512184143,0.043480101972818375,17.42637033878045,87344,disco
113,disco.00013.wav,2.2577083110809326,0.4212251603603363,89.10290948275862,0.2295086681842804,0.08213984966278076,18.163340990835657,105713,disco
114,disco.00014.wav,3.0297491550445557,0.43616458773612976,103.359375,0.24463273584842682,0.06957314908504486,18.111685348705997,103501,disco
115,disco.00015.wav,3.1043453216552734,0.4149116277694702,123.046875,0.22525759041309357,0.0328453965485096,18.933654160480643,59813,disco
116,disco.00016.wav,5.369169235229492,0.4352490305900574,123.046875,0.27333152294158936,0.03725656494498253,17.826083991098056,76426,disco
117,disco.00017.wav,-1.9152531623840332,0.40449944138526917,123.046875,0.27575552463531494,0.042934566736221313,18.557224110066908,79989,disco
118,disco.00018.wav,2.3383753299713135,0.36989739537239075,123.046875,0.24231752753257751,0.05833776295185089,19.494357124288932,95153,disco
119,disco.00019.wav,2.12630295753479,0.44504183530807495,117.45383522727273,0.22597254812717438,0.025997035205364227,18.606491379507407,68705,disco
120,disco.00020.wav,-0.30421268939971924,0.3425062596797943,161.4990234375,0.22622156143188477,0.017658749595284462,20.570801972448262,68426,disco
121,disco.00021.wav,-0.1885015219449997,0.4013673961162567,107.666015625,0.2795887291431427,0.04985814169049263,17.44287639561141,82220,disco
122,disco.00022.wav,1.1551769971847534,0.4365462362766266,123.046875,0.26966235041618347,0.09604552388191223,17.807457636035103,114582,disco
123,disco.00023.wav,2.3750462532043457,0.43533098697662354,112.34714673913044,0.2520420253276825,0.09086161851882935,17.91286533675486,100076,disco
124,disco.00024.wav,0.20936325192451477,0.37272709608078003,129.19921875,0.29751381278038025,0.03824770078063011,19.456881935604912,79652,disco
125,disco.00025.wav,-4.337642669677734,0.3580080270767212,123.046875,0.28445836901664734,0.04133984073996544,18.93127123971014,66068,disco
126,disco.00026.wav,2.974297285079956,0.40127959847450256,117.45383522727273,0.17302089929580688,0.07281594723463058,18.544348974053317,87232,disco
127,disco.00027.wav,2.73970890045166,0.48522692918777466,112.34714673913044,0.22293683886528015,0.04505017027258873,17.55989999798819,67017,disco
128,disco.00028.wav,4.402368068695068,0.48311153054237366,123.046875,0.2945120334625244,0.11837480962276459,17.081616113624857,131527,disco
129,disco.00029.wav,0.27662041783332825,0.3840029537677765,103.359375,0.1773722767829895,0.05859586223959923,18.89664443672214,91823,disco
130,disco.00030.wav,2.083514928817749,0.4501512348651886,135.99917763157896,0.24493174254894257,0.07529115676879883,17.6803902877435,99894,disco
131,disco.00031.wav,-0.788522481918335,0.41721251606941223,123.046875,0.23990078270435333,0.08899546414613724,17.42797746784661,115125,disco
132,disco.00032.wav,-2.4136505126953125,0.3683449625968933,112.34714673913044,0.2532593607902527,0.030506812036037445,19.734295681470037,81706,disco
133,disco.00033.wav,5.129284858703613,0.39188724756240845,129.19921875,0.20682582259178162,0.031489722430706024,19.656394698100893,82506,disco
134,disco.00034.wav,-0.15967914462089539,0.3576630651950836,129.19921875,0.21420715749263763,0.08825637400150299,18.770750595070737,119836,disco
135,disco.00035.wav,0.7998735904693604,0.40230754017829895,123.046875,0.2590298354625702,0.10202283412218094,18.333276545414794,116809,disco
136,disco.00036.wav,4.504716396331787,0.43457308411598206,135.99917763157896,0.2718622088432312,0.08652003109455109,18.182610168540677,107394,disco
137,disco.00037.wav,4.643104553222656,0.45447176694869995,129.19921875,0.27508097887039185,0.11573642492294312,17.175434215904662,125925,disco
138,disco.00038.wav,-1.272768497467041,0.3706020712852478,123.046875,0.2688504159450531,0.08231886476278305,18.611181688649616,111436,disco
139,disco.00039.wav,2.903294563293457,0.3410526216030121,112.34714673913044,0.2613380253314972,0.021295709535479546,20.165513467650943,67035,disco
140,disco.00040.wav,2.843656301498413,0.4208872616291046,135.99917763157896,0.281746506690979,0.04095204547047615,18.728321864750292,83833,disco
141,disco.00041.wav,1.6327852010726929,0.3557089865207672,161.4990234375,0.25072553753852844,0.011966857127845287,20.76108490323776,35690,disco
142,disco.00042.wav,1.3202089071273804,0.39402151107788086,107.666015625,0.22482113540172577,0.037913136184215546,18.068071030636546,80611,disco
143,disco.00043.wav,4.004814147949219,0.4201892912387848,129.19921875,0.2311101108789444,0.04495598003268242,19.21280673485506,89282,disco
144,disco.00044.wav,-0.9670277833938599,0.3669142723083496,123.046875,0.2558124363422394,0.03326159715652466,18.549906567177118,72631,disco
145,disco.00045.wav,1.4866821765899658,0.4073350727558136,123.046875,0.2397816926240921,0.03885214030742645,18.077106870224156,72707,disco
146,disco.00046.wav,0.1402345448732376,0.3763407766819,123.046875,0.2664431929588318,0.008579937741160393,21.82428627479627,75663,disco
147,disco.00047.wav,-12.540959358215332,0.22017531096935272,117.45383522727273,0.1910277009010315,0.0021459199488162994,23.71653083991099,57682,disco
148,disco.00048.wav,0.4810705780982971,0.40979933738708496,103.359375,0.24494341015815735,0.011254603043198586,21.736848086470214,102289,disco
149,disco.00049.wav,2.452223062515259,0.42126014828681946,123.046875,0.28372952342033386,0.01318504847586155,21.581275892475954,89646,disco
150,disco.00050.wav,3.8888959884643555,0.45111170411109924,107.666015625,0.2608933746814728,0.01248850580304861,21.470742589504347,85309,disco
151,disco.00051.wav,1.2946027517318726,0.4603789150714874,107.666015625,0.25283557176589966,0.018382519483566284,20.489046894193702,104432,disco
152,disco.00052.wav,-1.703091025352478,0.41631773114204407,123.046875,0.23282544314861298,0.012659305706620216,21.21846890974049,112473,disco
153,disco.00053.wav,4.149362087249756,0.4678385853767395,135.99917763157896,0.16007909178733826,0.00984810758382082,20.943190459895018,102163,disco
154,disco.00054.wav,-5.356694221496582,0.4011896252632141,112.34714673913044,0.25327858328819275,0.012274913489818573,21.547713628006075,75921,disco
155,disco.00055.wav,3.2770183086395264,0.463186115026474,129.19921875,0.24663837254047394,0.006447222083806992,20.798357899485467,73141,disco
156,disco.00056.wav,-0.6738030314445496,0.3583459258079529,89.10290948275862,0.22244930267333984,0.004311785101890564,20.72220016589825,50968,disco
157,disco.00057.wav,-2.0537874698638916,0.3701460659503937,117.45383522727273,0.2727357745170593,0.006412022281438112,20.64862188057532,61234,disco
158,disco.00058.wav,1.026828646659851,0.4173424541950226,129.19921875,0.2644588053226471,0.008855161257088184,21.337671890259177,73514,disco
159,disco.00059.wav,0.9070144295692444,0.4036504328250885,123.046875,0.27446112036705017,0.013991893269121647,20.832955428052376,72997,disco
160,disco.00060.wav,1.674527645111084,0.43481114506721497,129.19921875,0.220795676112175,0.006380237638950348,21.363469476516894,61590,disco
161,disco.00061.wav,0.29049021005630493,0.3233202397823334,123.046875,0.22447744011878967,0.009786090813577175,21.893495517595387,76745,disco
162,disco.00062.wav,2.2599871158599854,0.42683762311935425,107.666015625,0.21052639186382294,0.008980168029665947,21.011641090386817,84563,disco
163,disco.00063.wav,8.429374694824219,0.5480401515960693,129.19921875,0.28006547689437866,0.016212046146392822,19.97371210421228,66063,disco
164,disco.00064.wav,1.170470952987671,0.3882596790790558,123.046875,0.25426438450813293,0.005074983928352594,21.709994618731077,43017,disco
165,disco.00065.wav,5.599201202392578,0.47109827399253845,129.19921875,0.24811574816703796,0.005679900757968426,20.537314262913732,48773,disco
166,disco.00066.wav,3.160646915435791,0.4507315158843994,135.99917763157896,0.2539334297180176,0.013141351751983166,21.45908907469887,91813,disco
167,disco.00067.wav,-1.3902324438095093,0.3648950159549713,99.38401442307692,0.23341383039951324,0.01619473099708557,21.25527095073186,94903,disco
168,disco.00068.wav,-0.019016090780496597,0.41618046164512634,107.666015625,0.2543160915374756,0.021617792546749115,21.927580204140895,107743,disco
169,disco.00069.wav,0.9660835266113281,0.3891928791999817,107.666015625,0.2618085443973541,0.0060982597060501575,20.335486989161634,55400,disco
170,disco.00070.wav,1.5822573900222778,0.4555670917034149,107.666015625,0.22407133877277374,0.014651411212980747,20.304018530946905,89166,disco
171,disco.00071.wav,0.39818674325942993,0.4354996979236603,112.34714673913044,0.2617242634296417,0.019602321088314056,21.180044723367935,103281,disco
172,disco.00072.wav,-2.384514570236206,0.43422597646713257,135.99917763157896,0.27050772309303284,0.01933983713388443,21.473345942795127,121958,disco
173,disco.00073.wav,-1.0643659830093384,0.44632622599601746,112.34714673913044,0.26702314615249634,0.021293291822075844,20.828311819130285,116859,disco
174,disco.00074.wav,0.2978414297103882,0.40291550755500793,112.34714673913044,0.25163891911506653,0.016660502180457115,21.289762541248514,100082,disco
175,disco.00075.wav,1.8113353252410889,0.42918989062309265,135.99917763157896,0.23972277343273163,0.015055757015943527,21.185142543268892,86068,disco
176,disco.00076.wav,-3.152301549911499,0.35326582193374634,129.19921875,0.183307483792305,0.008023316040635109,21.950766934675396,80738,disco
177,disco.00077.wav,3.112140417098999,0.4156816303730011,117.45383522727273,0.25918737053871155,0.009120234288275242,22.13612589783524,77909,disco
178,disco.00078.wav,-3.6882810592651367,0.33190402388572693,129.19921875,0.20345859229564667,0.007866809144616127,21.3246143477053,63679,disco
179,disco.00079.wav,-0.02595870941877365,0.45284944772720337,123.046875,0.2209768146276474,0.010585128329694271,21.010339593540067,66092,disco
180,disco.00080.wav,-5.386433124542236,0.3885461091995239,99.38401442307692,0.2690283954143524,0.007162151858210564,21.825856231720035,56157,disco
181,disco.00081.wav,-5.280895709991455,0.35824480652809143,129.19921875,0.21312829852104187,0.0085168881341815,22.339052424156407,77137,disco
182,disco.00082.wav,2.8504385948181152,0.4228900372982025,123.046875,0.24859440326690674,0.023785464465618134,20.902176427601344,91587,disco
183,disco.00083.wav,-1.5099390745162964,0.4141053259372711,117.45383522727273,0.25585272908210754,0.007152690086513758,20.349733139275862,59631,disco
184,disco.00084.wav,-3.6461801528930664,0.5034770965576172,112.34714673913044,0.24953725934028625,0.015902090817689896,19.492488185592936,100336,disco
185,disco.00085.wav,-0.4221504032611847,0.5681706666946411,123.046875,0.2857383191585541,0.021857524290680885,19.40423291260405,105185,disco
186,disco.00086.wav,1.524668574333191,0.3950679302215576,123.046875,0.22878648340702057,0.004324404988437891,22.36418306966252,62596,disco
187,disco.00087.wav,0.8815387487411499,0.384719580411911,107.666015625,0.16273783147335052,0.008249608799815178,22.00779625365009,66415,disco
188,disco.00088.wav,1.5933581590652466,0.39792752265930176,123.046875,0.22328317165374756,0.0071610016748309135,22.05967493745575,87058,disco
189,disco.00089.wav,0.3272342383861542,0.429717481136322,129.19921875,0.25036847591400146,0.008826985023915768,21.37446580750755,74087,disco
190,disco.00090.wav,0.08249136060476303,0.48522910475730896,129.19921875,0.2863103151321411,0.017737774178385735,20.419053509062348,96833,disco
191,disco.00091.wav,1.9914593696594238,0.41673213243484497,99.38401442307692,0.23106563091278076,0.009184700436890125,21.788760426490203,60724,disco
192,disco.00092.wav,1.662063717842102,0.37068477272987366,117.45383522727273,0.2487645447254181,0.010789243504405022,21.32497043192302,77832,disco
193,disco.00093.wav,1.264481782913208,0.40740638971328735,107.666015625,0.19556483626365662,0.012690783478319645,21.471152876587258,90791,disco
194,disco.00094.wav,0.9869270324707031,0.41682079434394836,135.99917763157896,0.2634830176830292,0.0072684381157159805,21.310799122014945,61991,disco
195,disco.00095.wav,-0.5815659165382385,0.4679374396800995,123.046875,0.2537490725517273,0.010365485213696957,22.07555079788261,78189,disco
196,disco.00096.wav,1.7910966873168945,0.41661474108695984,103.359375,0.25860872864723206,0.008697661571204662,21.999205532175072,89019,disco
197,disco.00097.wav,1.002679705619812,0.41497254371643066,129.19921875,0.2954574525356293,0.016982560977339745,22.20172616656707,79803,disco
198,disco.00098.wav,-0.1226145401597023,0.44099506735801697,123.046875,0.22430254518985748,0.013036258518695831,21.167465948803702,74584,disco
199,disco.00099.wav,-0.1226145401597023,0.44099506735801697,123.046875,0.22430254518985748,0.013036258518695831,21.167465948803702,74584,disco
200,metal.00000.wav,3.72131609916687,0.48771554231643677,95.703125,0.19905060529708862,0.06650624424219131,18.553156670983096,121276,metal
201,metal.00001.wav,3.4882395267486572,0.47690293192863464,151.99908088235293,0.22234764695167542,0.029085621237754822,20.08712547272105,101272,metal
202,metal.00002.wav,3.010390281677246,0.43241533637046814,112.34714673913044,0.2588397264480591,0.009325340390205383,20.473910433564228,85043,metal
203,metal.00003.wav,4.642107963562012,0.4875539243221283,99.38401442307692,0.17412519454956055,0.018819816410541534,20.284350141261676,110446,metal
204,metal.00004.wav,2.035372257232666,0.6347662210464478,135.99917763157896,0.20000630617141724,0.06974226981401443,18.50892886840093,127458,metal
205,metal.00005.wav,0.9024944305419922,0.42244282364845276,151.99908088235293,0.2149360626935959,0.012261168099939823,20.233933735713162,88992,metal
206,metal.00006.wav,-1.5596630573272705,0.434032678604126,123.046875,0.2192501723766327,0.03777820244431496,21.330402689822673,131225,metal
207,metal.00007.wav,-0.15018866956233978,0.5814295411109924,151.99908088235293,0.18691758811473846,0.03168608993291855,19.76529000576679,111537,metal
208,metal.00008.wav,-0.1737242043018341,0.46660923957824707,117.45383522727273,0.2395283579826355,0.044163208454847336,19.742202916463008,93141,metal
209,metal.00009.wav,9.443262100219727,0.527148962020874,112.34714673913044,0.22335030138492584,0.008596333675086498,19.837608698041794,62717,metal
210,metal.00010.wav,1.388930320739746,0.541851818561554,129.19921875,0.17747673392295837,0.025535011664032936,19.945111565910654,130189,metal
211,metal.00011.wav,6.512915134429932,0.5109512805938721,112.34714673913044,0.17090022563934326,0.018242020159959793,20.46839286049326,113595,metal
212,metal.00012.wav,3.5956475734710693,0.605013370513916,123.046875,0.23789067566394806,0.018408477306365967,20.073521791577697,117175,metal
213,metal.00013.wav,2.607295513153076,0.6362097263336182,135.99917763157896,0.20167095959186554,0.028773963451385498,19.52604456186853,134864,metal
214,metal.00014.wav,-0.847135066986084,0.5526264309883118,151.99908088235293,0.22631075978279114,0.015970760956406593,20.79983012861774,122759,metal
215,metal.00015.wav,1.2008569240570068,0.48514801263809204,129.19921875,0.20924516022205353,0.022025354206562042,19.920324327982534,112129,metal
216,metal.00016.wav,4.821930408477783,0.5019341111183167,123.046875,0.20353156328201294,0.025955678895115852,20.164731289739866,118985,metal
217,metal.00017.wav,3.3988869190216064,0.581032395362854,107.666015625,0.13890521228313446,0.018560877069830894,18.345280903315704,105180,metal
218,metal.00018.wav,2.140599250793457,0.5555548071861267,99.38401442307692,0.1647854596376419,0.005373319610953331,19.459684462904708,119442,metal
219,metal.00019.wav,1.7339128255844116,0.5552319288253784,112.34714673913044,0.2137632966041565,0.01987704262137413,18.69514029830983,106968,metal
220,metal.00020.wav,2.823484420776367,0.49595868587493896,99.38401442307692,0.15631960332393646,0.017705075442790985,18.898401242275952,100944,metal
221,metal.00021.wav,2.915675640106201,0.5255270004272461,107.666015625,0.21774086356163025,0.02198171615600586,20.349194528403274,126922,metal
222,metal.00022.wav,2.5626931190490723,0.37001824378967285,135.99917763157896,0.2557813823223114,0.006214099004864693,21.67626109655541,70872,metal
223,metal.00023.wav,6.888513088226318,0.5272496342658997,143.5546875,0.22022123634815216,0.013064325787127018,20.811854943050797,87260,metal
224,metal.00024.wav,8.167257308959961,0.4787251949310303,112.34714673913044,0.21718518435955048,0.00983129907399416,20.645763059892648,84994,metal
225,metal.00025.wav,0.31325769424438477,0.46553701162338257,135.99917763157896,0.22654585540294647,0.008827869780361652,19.732650603194145,83530,metal
226,metal.00026.wav,2.8956291675567627,0.48461002111434937,129.19921875,0.227797269821167,0.013265248388051987,20.507389586506097,131298,metal
227,metal.00027.wav,5.121180534362793,0.4747161269187927,129.19921875,0.1489754617214203,0.013656179420650005,19.10456599264254,84961,metal
228,metal.00028.wav,2.9192886352539062,0.48100554943084717,135.99917763157896,0.26025059819221497,0.022853964939713478,20.534731635225416,119189,metal
229,metal.00029.wav,0.37412363290786743,0.44096747040748596,123.046875,0.2711424231529236,0.01954103447496891,21.05126545054735,108198,metal
230,metal.00030.wav,6.444397926330566,0.46253132820129395,129.19921875,0.2607335150241852,0.0021826580632478,21.498706623786088,33912,metal
231,metal.00031.wav,5.664498805999756,0.44626253843307495,135.99917763157896,0.26387250423431396,0.016346799209713936,20.653014448118924,82913,metal
232,metal.00032.wav,1.6197113990783691,0.436501145362854,117.45383522727273,0.19347330927848816,0.012465124018490314,21.009885988132442,98144,metal
233,metal.00033.wav,6.5810723304748535,0.48024824261665344,123.046875,0.249154195189476,0.007652744650840759,20.675961152503444,66273,metal
234,metal.00034.wav,-0.957254946231842,0.4069330096244812,107.666015625,0.1653771549463272,0.017731433734297752,20.571121782799107,106554,metal
235,metal.00035.wav,7.001084327697754,0.5013971328735352,117.45383522727273,0.2602963149547577,0.01882188953459263,20.153584183787093,107852,metal
236,metal.00036.wav,2.8074779510498047,0.5190619826316833,143.5546875,0.2676708400249481,0.020387308672070503,19.892630076011258,106295,metal
237,metal.00037.wav,1.4230058193206787,0.39582815766334534,135.99917763157896,0.241989403963089,0.010138100944459438,20.6896090612113,81886,metal
238,metal.00038.wav,-1.2504832744598389,0.47039270401000977,95.703125,0.2026132047176361,0.010408284142613411,21.72247397300825,98230,metal
239,metal.00039.wav,2.8542981147766113,0.37920939922332764,117.45383522727273,0.21876581013202667,0.004698312841355801,21.44063552905344,58458,metal
240,metal.00040.wav,1.5400660037994385,0.509268581867218,107.666015625,0.20398546755313873,0.02191973105072975,19.993062189119673,110403,metal
241,metal.00041.wav,-0.43294715881347656,0.45613422989845276,117.45383522727273,0.24682395160198212,0.00982994120568037,20.777535013169576,91019,metal
242,metal.00042.wav,0.0664459764957428,0.4366719424724579,129.19921875,0.2683996558189392,0.012669539079070091,20.954819005929338,100673,metal
243,metal.00043.wav,-0.9938536286354065,0.43827465176582336,95.703125,0.21809163689613342,0.01887521706521511,20.45972264918902,117471,metal
244,metal.00044.wav,-0.1180708259344101,0.46960508823394775,117.45383522727273,0.26368358731269836,0.02002529427409172,20.98744360975375,113448,metal
245,metal.00045.wav,-2.0162317752838135,0.43021443486213684,123.046875,0.18868525326251984,0.01108995545655489,21.27738712544942,95663,metal
246,metal.00046.wav,6.057066440582275,0.4824357032775879,117.45383522727273,0.23993276059627533,0.02096594125032425,20.59596692899209,108479,metal
247,metal.00047.wav,5.7941813468933105,0.4310552775859833,103.359375,0.21487107872962952,0.026365894824266434,20.052369086447463,118041,metal
248,metal.00048.wav,6.048325538635254,0.47700685262680054,107.666015625,0.20154476165771484,0.025780608877539635,20.600859681039694,117020,metal
249,metal.00049.wav,6.779202938079834,0.5244612097740173,99.38401442307692,0.20320092141628265,0.02750241756439209,20.29785909188283,128565,metal
250,metal.00050.wav,7.548076629638672,0.5023053884506226,112.34714673913044,0.22545921802520752,0.03305258974432945,19.645636566366473,117588,metal
251,metal.00051.wav,6.770633220672607,0.5167288184165955,107.666015625,0.2023170441389084,0.048401664942502975,19.938838434012364,151335,metal
252,metal.00052.wav,6.7214860916137695,0.5337420105934143,151.99908088235293,0.19230780005455017,0.0343620739877224,18.954972508328847,107486,metal
253,metal.00053.wav,6.77487325668335,0.492827445268631,123.046875,0.19666707515716553,0.027224618941545486,19.88933078255171,114358,metal
254,metal.00054.wav,6.625751495361328,0.510459303855896,123.046875,0.27281129360198975,0.035156916826963425,20.054450302318852,129675,metal
255,metal.00055.wav,6.954597473144531,0.4993704855442047,112.34714673913044,0.22004997730255127,0.03511887416243553,20.299186505633113,130426,metal
256,metal.00056.wav,6.872256755828857,0.46352291107177734,107.666015625,0.21103478968143463,0.0321793295443058,20.075784254933264,118837,metal
257,metal.00057.wav,6.057356357574463,0.4875595271587372,129.19921875,0.20133137702941895,0.021018322557210922,20.52765105909485,95221,metal
258,metal.00058.wav,4.442079544067383,0.4615265727043152,143.5546875,0.22434085607528687,0.01439876388758421,20.210481160195034,94662,metal
259,metal.00059.wav,4.516534328460693,0.4676295816898346,99.38401442307692,0.22684860229492188,0.01315446849912405,20.404783368064816,99285,metal
260,metal.00060.wav,2.2188565731048584,0.5403491258621216,89.10290948275862,0.24089916050434113,0.011155208572745323,19.468348971089327,92426,metal
261,metal.00061.wav,1.5400660037994385,0.509268581867218,107.666015625,0.20398546755313873,0.02191973105072975,19.993062189119673,110403,metal
262,metal.00062.wav,-0.43294715881347656,0.45613422989845276,117.45383522727273,0.24682395160198212,0.00982994120568037,20.777535013169576,91019,metal
263,metal.00063.wav,0.0664459764957428,0.4366719424724579,129.19921875,0.2683996558189392,0.012669539079070091,20.954819005929338,100673,metal
264,metal.00064.wav,-0.9938536286354065,0.43827465176582336,95.703125,0.21809163689613342,0.01887521706521511,20.45972264918902,117471,metal
265,metal.00065.wav,-0.1180708259344101,0.46960508823394775,117.45383522727273,0.26368358731269836,0.02002529427409172,20.98744360975375,113448,metal
266,metal.00066.wav,-2.0162317752838135,0.43021443486213684,123.046875,0.18868525326251984,0.01108995545655489,21.27738712544942,95663,metal
267,metal.00067.wav,2.4269015789031982,0.46917062997817993,135.99917763157896,0.28564533591270447,0.009063462726771832,20.39149196541086,79585,metal
268,metal.00068.wav,0.734439492225647,0.46304425597190857,161.4990234375,0.18864083290100098,0.01155179925262928,19.615914621370678,86603,metal
269,metal.00069.wav,5.709090232849121,0.4541178047657013,161.4990234375,0.23254573345184326,0.002545161871239543,20.4339063853113,35624,metal
270,metal.00070.wav,-3.769745111465454,0.41473624110221863,117.45383522727273,0.21318727731704712,0.01744142919778824,20.081631450697266,94659,metal
271,metal.00071.wav,2.175612688064575,0.48000016808509827,86.1328125,0.19218061864376068,0.021076137199997902,19.203141023236117,101854,metal
272,metal.00072.wav,4.168646812438965,0.445193350315094,123.046875,0.22886376082897186,0.00979998055845499,20.338910745055493,77373,metal
273,metal.00073.wav,7.7788238525390625,0.430024117231369,143.5546875,0.24462182819843292,0.02126539871096611,20.460106207481406,80370,metal
274,metal.00074.wav,-2.0300564765930176,0.48349234461784363,123.046875,0.24866127967834473,0.014889122918248177,19.370645499504757,89460,metal
275,metal.00075.wav,6.774982452392578,0.44844597578048706,112.34714673913044,0.25970321893692017,0.011230849660933018,20.74491551929789,58887,metal
276,metal.00076.wav,-0.5607421398162842,0.49601036310195923,143.5546875,0.21756519377231598,0.015633322298526764,20.653940811795422,107657,metal
277,metal.00077.wav,4.520969867706299,0.4408455491065979,151.99908088235293,0.1986524611711502,0.016787422820925713,19.737133956048876,105956,metal
278,metal.00078.wav,8.713629722595215,0.5337368845939636,99.38401442307692,0.21368825435638428,0.03179452568292618,19.32239494728871,87307,metal
279,metal.00079.wav,2.293417453765869,0.4724055528640747,123.046875,0.27315372228622437,0.013673191890120506,21.226779494397572,95330,metal
280,metal.00080.wav,4.5332207679748535,0.49704664945602417,161.4990234375,0.18591409921646118,0.01645997352898121,20.679432150516075,95448,metal
281,metal.00081.wav,4.7597551345825195,0.517781674861908,151.99908088235293,0.18097464740276337,0.00825293269008398,20.99794548309016,80791,metal
282,metal.00082.wav,1.6736747026443481,0.5132454037666321,123.046875,0.264911413192749,0.01231076754629612,19.538251288567622,93601,metal
283,metal.00083.wav,3.678988456726074,0.45750850439071655,117.45383522727273,0.22107431292533875,0.010884822346270084,21.09605890886128,81406,metal
284,metal.00084.wav,6.507794380187988,0.4805833697319031,151.99908088235293,0.25415340065956116,0.025827914476394653,19.473048085442052,91782,metal
285,metal.00085.wav,0.937259316444397,0.4412083923816681,103.359375,0.1966279149055481,0.014693423174321651,21.495678494079556,104512,metal
286,metal.00086.wav,0.8877755999565125,0.4344843924045563,123.046875,0.2117079496383667,0.0167537909001112,19.99613861558771,105374,metal
287,metal.00087.wav,8.331794738769531,0.5165466070175171,95.703125,0.2503836154937744,0.0496491864323616,19.109336752585193,123731,metal
288,metal.00088.wav,2.244598150253296,0.42148295044898987,117.45383522727273,0.1957845687866211,0.004976175259798765,20.594350154749304,61229,metal
289,metal.00089.wav,7.280788898468018,0.45571592450141907,151.99908088235293,0.2513578534126282,0.0012893766397610307,20.287324330014464,30827,metal
290,metal.00090.wav,3.2940123081207275,0.42698702216148376,89.10290948275862,0.20366477966308594,0.004809458274394274,21.51156311142256,56076,metal
291,metal.00091.wav,-0.576123058795929,0.38012003898620605,135.99917763157896,0.2865550220012665,0.00699641602113843,21.92601793108322,79539,metal
292,metal.00092.wav,-1.2591124773025513,0.34190842509269714,117.45383522727273,0.27028948068618774,0.006386397872120142,21.814635879212467,61805,metal
293,metal.00093.wav,-0.3561553359031677,0.4444195032119751,172.265625,0.20275138318538666,0.014045109041035175,19.685101449411587,93848,metal
294,metal.00094.wav,-0.957254946231842,0.4069330096244812,107.666015625,0.1653771549463272,0.017731433734297752,20.571121782799107,106554,metal
295,metal.00095.wav,6.150299549102783,0.529181718826294,151.99908088235293,0.17281438410282135,0.015477781184017658,21.26216135845357,80326,metal
296,metal.00096.wav,5.236383438110352,0.5183818936347961,161.4990234375,0.21020187437534332,0.014297151938080788,20.65749685987539,84914,metal
297,metal.00097.wav,6.064103126525879,0.4919319748878479,112.34714673913044,0.23705311119556427,0.007059948518872261,21.234598793829285,57155,metal
298,metal.00098.wav,2.991166353225708,0.5098985433578491,151.99908088235293,0.20386096835136414,0.01135505735874176,20.677422785718164,76667,metal
299,metal.00099.wav,5.050107479095459,0.5163367390632629,143.5546875,0.19183705747127533,0.012130215764045715,20.75356558669643,71540,metal
